ym,ALL_ret_ls,HY_ret_ls,IG_ret_ls
2017-01,0.00583,0.013966,0.000902
2017-02,0.004441,0.001081,0.003381
2017-03,0.003797,0.002826,0.002722
2017-04,0.006037,0.011525,0.001137
2017-05,0.009532,0.015392,0.003765
2017-06,0.001116,0.001916,-0.000251
2017-07,0.007001,0.01322,0.001233
2017-08,-0.003412,-0.008448,0.000274
2017-09,0.007035,0.010564,0.003965
2017-10,-0.002625,-0.008425,0.001595
2017-11,0.003912,0.006082,0.001352
2017-12,0.00486,0.004709,0.002285
2018-01,0.001032,0.007413,-0.000992
2018-02,8.2e-05,-0.002417,0.002022
2018-03,0.007541,0.016278,0.003818
2018-04,0.004799,0.009536,0.000703
2018-05,0.005896,0.009256,0.002233
2018-06,0.004292,0.006373,0.002506
2018-07,0.007679,0.014569,0.002765
2018-08,0.002163,0.007167,1.7e-05
2018-09,0.003987,0.005507,0.000745
2018-10,0.010278,0.02861,7.7e-05
2018-11,0.015741,0.01731,0.00334
2018-12,-0.004123,0.001964,-0.000825
2019-01,0.016977,0.037538,0.002204
2019-02,0.00752,0.020255,0.000231
2019-03,0.005932,0.018688,0.000168
2019-04,0.016851,0.037627,0.00433
2019-05,0.006454,0.012034,0.003784
2019-06,0.00666,0.016302,0.001578
2019-07,0.012717,0.02557,0.003456
2019-08,0.000306,0.001785,0.000203
2019-09,-0.004025,-0.016374,0.000195
2019-10,0.002223,0.004556,0.002662
2019-11,-0.009774,-0.022361,0.000441
2019-12,-0.010064,-0.020452,-0.003983
2020-01,0.029863,0.062809,0.006321
2020-02,0.043933,0.041084,0.036273
2020-03,0.047456,0.084343,0.038023
2020-04,0.080691,0.175321,0.013239
2020-05,-0.005206,-0.008561,-0.00261
2020-06,0.001046,-0.00064,-0.00125
2020-07,-0.014237,-0.006377,-0.006898
2020-08,0.010126,0.023494,0.002375
2020-09,0.004356,0.010122,0.004514
2020-10,-0.015528,-0.045311,-0.005106
2020-11,0.021492,0.044467,0.006137
2020-12,-0.025248,-0.087946,0.000513
2021-01,0.007591,0.015823,0.000993
2021-02,0.000942,-0.005348,0.002128
2021-03,-0.001137,-0.002538,0.000575
2021-04,-0.000471,9.2e-05,-0.001184
2021-05,0.002408,0.004159,7.7e-05
2021-06,-0.001023,-0.004937,9.7e-05
2021-07,-0.002602,-7.9e-05,0.000174
2021-08,-0.001875,-0.006395,0.000642
2021-09,0.002837,0.002274,0.001625
2021-10,0.002083,0.009517,-0.00064
2021-11,-0.002308,-0.007972,0.001285
2021-12,0.00097,-0.004111,-0.000123
2022-01,-0.00213,0.005041,-0.002667
2022-02,0.009684,0.00852,0.004757
2022-03,0.00609,0.018906,0.00148
2022-04,0.005823,0.008778,0.001804
2022-05,0.007577,0.018824,0.000289
2022-06,-0.000104,0.013463,0.002397
2022-07,0.006746,0.013602,0.002918
2022-08,0.006809,0.036726,-0.002525
2022-09,-0.005527,-0.028942,3e-05
2022-10,0.000967,-0.005952,-0.001181
2022-11,0.003932,0.056136,-0.00336
2022-12,0.003392,0.004215,0.002717
2023-01,0.025396,0.071051,0.006397
2023-02,0.010569,0.002053,0.008663
2023-03,-0.00428,-0.014486,-0.00257
2023-04,0.003154,0.011692,0.00185
2023-05,-0.000233,-0.00458,0.002617
2023-06,0.002728,0.006617,0.000599
2023-07,-0.000149,-0.006495,0.001116
2023-08,0.006074,0.022468,0.000974
2023-09,0.004345,0.01055,0.001922
2023-10,0.000941,-0.008263,0.003188
2023-11,0.001394,-0.005266,0.00323
2023-12,0.00461,0.005557,0.003707
2024-01,-0.003559,0.000421,-0.002026
2024-02,0.000286,0.000441,0.001557
2024-03,0.003819,0.011433,0.001369
2024-04,-0.003206,-0.012149,-0.001574
2024-05,0.003073,0.015418,-0.0007
2024-06,0.004431,0.016029,0.001866
2024-07,0.001974,0.0042,0.001514
2024-08,-0.002107,-0.01658,0.001373
2024-09,0.00112,0.00381,0.00039
2024-10,0.000706,-0.00226,0.001422
2024-11,-0.004054,-0.005019,-0.003051
2024-12,-0.000956,-0.004095,0.000174
2025-01,0.000262,0.004719,-0.000854
2025-02,0.003727,0.008677,0.001347
2025-03,0.000446,0.00062,0.001152
2025-04,-0.001289,-0.001183,-0.002142
2025-05,-0.002485,-0.00311,-0.002252
2025-06,-0.00119,-0.00188,-0.000472
2025-07,0.000978,0.007512,-0.000325
2025-08,0.002532,0.006473,0.001824
2025-09,0.003127,0.015571,0.000705
2025-10,0.000563,0.004745,0.000453
