sleeve,return_def,port_weight,n_quantiles,n_months,mean_monthly,ann_return,ann_vol,sharpe,nw_tstat,hit_rate,max_drawdown,skew,avg_turnover,avg_n_long,avg_n_short
ALL,credit_excess,AO_firms,5,106,0.00262,0.03148,0.03023,1.04111,2.66413,0.60377,-0.02579,4.81186,1.67234,141.60377,141.88679
HY,credit_excess,AO_firms,5,106,0.00484,0.05813,0.09207,0.63139,1.76426,0.60377,-0.13226,4.03639,1.65203,39.74528,40.0
IG,credit_excess,AO_firms,5,106,0.00163,0.01956,0.01856,1.05387,2.41805,0.64151,-0.02232,3.91342,1.65289,102.0283,102.19811
ALL,credit_excess,EW_firms,5,106,0.00425,0.05104,0.04128,1.23651,2.80143,0.71698,-0.02525,3.29226,1.57443,141.60377,141.88679
HY,credit_excess,EW_firms,5,106,0.00838,0.10058,0.09102,1.10498,2.78767,0.68868,-0.08879,2.41885,1.58342,39.74528,40.0
IG,credit_excess,EW_firms,5,106,0.0018,0.02166,0.01935,1.1192,2.47254,0.76415,-0.01076,4.921,1.59731,102.0283,102.19811
ALL,raw_bond,AO_firms,5,106,0.00263,0.03151,0.03377,0.9332,2.60127,0.60377,-0.03012,3.48574,1.67219,141.80189,142.03774
HY,raw_bond,AO_firms,5,106,0.00464,0.05569,0.08913,0.62483,1.77326,0.58491,-0.12275,3.608,1.65049,39.87736,40.15094
IG,raw_bond,AO_firms,5,106,0.00162,0.01946,0.02436,0.79888,2.10479,0.59434,-0.02808,2.09155,1.65265,102.04717,102.19811
ALL,raw_bond,EW_firms,5,106,0.00405,0.04859,0.04106,1.18334,2.95377,0.68868,-0.02866,2.61184,1.57344,141.80189,142.03774
HY,raw_bond,EW_firms,5,106,0.00775,0.09299,0.08783,1.05874,2.98508,0.68868,-0.10515,1.84903,1.58068,39.87736,40.15094
IG,raw_bond,EW_firms,5,106,0.00182,0.02181,0.02341,0.93157,2.21564,0.70755,-0.01776,2.60606,1.59713,102.04717,102.19811
ALL,credit_excess,EW_firms,10,106,0.006,0.07195,0.06606,1.08915,2.62501,0.66981,-0.05093,3.38184,1.72937,71.06604,71.21698
HY,credit_excess,EW_firms,10,106,0.00995,0.11945,0.12382,0.96468,2.6327,0.64151,-0.21584,0.76717,1.74066,20.15094,20.30189
IG,credit_excess,EW_firms,10,106,0.00264,0.03169,0.02883,1.09925,2.43199,0.66981,-0.01395,5.00347,1.76609,51.26415,51.33962
