sleeve,illustrative_cost_bp_roundtrip,monthly_cost_drag,net_ann_return,net_sharpe,net_mean_monthly
ALL,0,0.0,0.051037,1.23651,0.004253
ALL,10,0.003149,0.013251,0.321038,0.001104
ALL,25,0.007872,-0.043429,-1.05217,-0.003619
ALL,50,0.015744,-0.137894,-3.34085,-0.011491
ALL,100,0.031489,-0.326826,-7.91821,-0.027236
HY,0,0.0,0.100579,1.10498,0.008382
HY,10,0.003167,0.062577,0.68748,0.005215
HY,25,0.007917,0.005573,0.061231,0.000464
HY,50,0.015834,-0.089432,-0.982517,-0.007453
HY,100,0.031668,-0.279442,-3.070014,-0.023287
IG,0,0.0,0.021659,1.119203,0.001805
IG,10,0.003195,-0.016677,-0.861762,-0.00139
IG,25,0.007987,-0.07418,-3.833208,-0.006182
IG,50,0.015973,-0.170018,-8.785619,-0.014168
IG,100,0.031946,-0.361695,-18.69044,-0.030141
