bonds_in_firm_month,n_firm_months
1,24604
2,15084
3,10949
4,8738
5,6781
6,4702
7,4682
8,4160
9,3248
10,3172
11,2655
12,2235
13,1907
14,1645
15,1408
16,1492
17,1163
18,1060
19,1009
20,913
21,860
22,737
23,687
24,583
25,511
26,583
27,525
28,374
29,439
30,417
31,417
32,347
33,338
34,286
35,250
36,237
37,210
38,246
39,216
40,194
41,175
42,224
43,238
44,179
45,163
46,139
47,127
48,105
49,113
50,97
51,81
52,64
53,86
54,80
55,80
56,77
57,68
58,57
59,43
60,43
61,49
62,56
63,40
64,41
65,40
66,35
67,35
68,34
69,32
70,61
71,46
72,52
73,55
74,28
75,17
76,20
77,30
78,27
79,28
80,5
81,6
82,14
83,13
84,8
85,4
86,6
87,14
88,12
89,9
90,10
91,3
92,14
93,9
94,10
95,8
96,11
97,9
98,19
99,8
100,8
101,7
102,7
103,8
104,12
105,6
106,4
107,18
108,9
109,9
110,17
111,8
112,6
113,10
114,15
115,10
116,1
117,8
118,5
119,18
120,7
121,10
122,6
123,5
124,6
125,6
126,8
127,6
128,4
129,5
130,4
131,1
132,7
133,5
134,2
136,1
137,2
138,2
139,6
140,1
141,4
142,3
143,3
144,5
145,2
146,2
147,1
148,1
149,2
150,2
151,1
152,2
153,3
154,1
155,2
156,2
158,3
160,1
161,4
162,1
164,2
165,2
168,2
169,2
171,2
173,1
174,2
176,1
177,2
178,2
180,2
181,9
182,3
184,1
185,5
186,2
187,1
188,4
189,4
190,3
191,3
192,2
193,1
194,2
195,1
196,2
197,2
198,5
199,1
200,2
201,2
202,3
203,7
204,2
205,1
206,2
207,5
208,5
210,5
211,1
212,5
213,1
214,4
216,5
217,6
218,2
219,4
220,3
221,4
222,1
223,3
224,3
225,3
226,2
227,4
228,3
229,3
230,3
231,7
232,3
233,3
234,2
235,4
236,1
237,2
238,1
239,1
240,6
241,3
242,3
243,5
244,2
245,2
246,4
247,4
248,4
249,2
250,4
251,1
252,5
253,2
255,2
256,2
257,2
258,5
259,4
260,2
261,5
263,2
264,2
265,2
266,1
269,1
272,1
273,1
274,1
275,1
276,2
277,1
279,3
280,3
282,1
283,1
284,1
286,1
287,1
289,3
290,1
291,2
293,2
294,1
295,1
296,1
297,3
298,3
299,2
300,2
301,3
302,1
303,2
304,1
305,1
306,3
307,1
308,1
310,1
311,1
312,2
313,1
314,2
315,1
316,5
318,5
320,2
321,2
322,3
323,1
324,4
325,3
326,3
327,3
328,3
329,1
330,3
331,5
332,3
333,5
334,2
335,6
336,2
337,3
338,1
339,3
340,3
341,3
342,3
343,1
344,1
345,3
346,1
347,3
348,1
349,2
352,1
353,1
355,1
357,2
361,3
364,1
365,3
367,2
368,2
370,4
371,1
372,3
373,2
374,1
375,4
377,1
379,1
381,2
382,1
384,1
385,1
386,1
387,2
388,2
391,1
392,4
394,4
395,1
396,6
397,3
399,1
400,1
401,2
402,3
403,4
404,2
405,1
406,1
407,2
410,2
411,1
412,2
413,3
415,1
416,2
417,1
419,2
420,1
421,2
422,2
423,1
425,2
429,2
430,1
431,2
432,2
433,1
434,1
435,1
436,1
438,1
441,2
444,2
445,2
447,1
448,1
449,3
451,1
453,2
454,1
455,1
457,1
458,1
459,2
460,1
462,2
463,1
464,1
465,1
466,2
468,1
469,3
470,3
471,2
472,1
473,1
474,1
475,1
477,2
480,2
482,1
484,4
485,3
486,1
487,4
488,2
491,1
492,1
493,2
494,2
498,1
499,1
500,2
501,2
503,2
505,1
506,2
507,3
508,1
510,1
511,2
513,1
514,2
515,2
516,3
517,3
519,1
521,1
522,1
524,1
525,4
527,1
528,2
529,3
531,1
533,1
534,1
535,1
536,1
537,1
538,2
541,1
543,2
544,2
545,1
546,2
547,1
548,2
549,2
551,1
554,3
555,1
556,1
560,1
561,1
562,2
564,1
565,3
566,1
568,3
569,3
570,1
571,1
572,1
573,3
574,3
575,4
577,3
578,2
579,1
580,1
581,3
582,2
583,2
585,1
587,1
590,1
592,2
594,2
596,1
598,1
601,2
604,3
605,1
606,1
607,1
610,3
616,1
617,1
618,1
619,1
620,2
621,1
622,1
624,2
625,1
626,1
627,1
628,2
629,1
630,3
631,1
632,2
633,1
634,4
636,1
637,2
638,1
639,1
643,1
645,1
646,1
647,2
648,3
649,2
653,3
654,1
655,3
656,4
657,1
659,1
660,2
661,3
662,2
663,1
664,3
666,1
667,1
668,2
669,1
670,1
672,2
673,3
676,3
677,1
678,2
680,1
683,1
685,1
686,2
689,2
691,2
694,2
695,1
700,1
701,1
702,1
703,1
709,1
711,3
712,1
714,1
718,1
720,2
723,1
726,1
730,1
731,1
733,1
735,2
736,2
738,1
739,2
741,2
742,1
744,2
745,1
749,1
754,2
755,1
759,5
760,1
762,1
763,1
765,1
767,1
770,1
771,1
772,1
774,1
776,1
781,1
785,1
791,1
792,3
793,2
794,1
795,1
796,2
797,1
801,2
804,3
806,1
807,1
809,1
818,1
819,1
820,1
821,1
822,1
824,1
825,3
829,1
830,2
832,1
833,2
837,1
838,1
840,2
841,2
842,1
844,1
846,1
847,1
848,2
849,1
854,2
858,2
859,1
861,1
863,2
864,1
867,4
870,1
874,1
877,1
881,1
882,2
885,3
886,3
887,3
888,2
890,1
892,2
893,3
894,2
896,2
897,2
898,1
899,1
900,1
904,3
905,1
906,1
907,2
909,1
910,1
912,1
913,1
915,2
916,1
918,1
919,1
922,2
923,1
924,1
929,1
932,1
933,1
935,3
937,1
940,2
942,1
945,2
947,1
948,1
949,2
956,1
957,1
960,1
961,2
962,3
965,1
975,1
978,1
982,1
984,1
991,1
992,1
993,1
995,1
996,2
997,1
999,1
1000,1
1001,1
1005,1
1009,1
1013,1
1015,1
1017,1
1020,1
1025,2
1028,1
1030,2
1032,1
1033,1
1036,1
1037,1
1040,1
1046,1
1048,1
1052,2
1053,2
1057,1
1058,1
1065,1
1066,1
1067,1
1077,2
1078,2
1079,2
1080,2
1082,1
1085,2
1086,1
1087,1
1090,1
1094,1
1096,1
1100,1
1101,1
1103,2
1106,1
1107,2
1109,2
1110,1
1111,1
1115,1
1118,1
1123,1
1124,1
1130,1
1134,1
1136,1
1138,1
1140,1
1144,1
1150,2
1151,1
1153,1
1154,1
1158,1
1159,1
1160,2
1161,1
1162,1
1163,1
1164,1
1167,1
1170,1
1178,1
1185,1
1191,1
1192,1
1194,1
1210,1
1213,1
1214,1
1216,1
1218,1
1219,1
1220,1
1222,1
1224,1
1227,1
1232,2
1235,1
1236,1
1244,1
1246,1
1252,1
1259,1
1260,1
1261,1
1262,1
1269,1
1289,1
1292,1
1294,1
1295,1
1297,2
1298,1
1299,1
1300,1
1305,1
1318,1
1321,1
1322,1
1325,1
1330,1
1339,1
1341,1
1343,1
1344,1
1345,1
1348,1
1355,1
1358,1
1367,1
1370,1
1377,1
1380,1
1386,1
1389,1
1394,1
1400,1
1415,1
1421,1
1427,2
1429,1
1433,2
1434,1
1436,1
1437,1
1440,1
1447,1
1448,1
1465,1
1467,1
1472,1
1473,1
1477,1
1481,1
1482,1
1486,2
1500,1
1504,1
1512,1
1516,1
1519,1
1520,1
1523,1
1524,1
1528,1
1533,1
1534,1
1535,1
1537,1
1539,1
1542,1
1543,1
1545,1
1546,1
1549,1
1550,1
1552,1
1562,1
1572,1
1573,1
1576,1
1577,1
1589,1
1591,1
1595,1
1610,1
1614,1
1616,1
1617,1
1621,2
1622,1
1628,1
1638,1
1647,1
1654,1
1656,1
1659,1
1663,1
1664,1
1671,1
1676,1
1684,1
1687,2
1689,1
1696,1
1698,1
1699,1
1700,1
1703,1
1715,1
1716,1
1718,1
1722,1
1736,1
1745,1
1748,1
1749,2
1757,1
1760,2
1793,2
1804,1
1806,1
1816,1
1829,1
1834,1
1835,1
1838,1
1840,1
1859,1
1862,1
1871,1
1874,1
1878,1
1884,1
1895,2
1897,1
1908,1
1926,1
1930,2
1938,1
1954,1
1962,1
1965,1
1967,1
1977,1
1985,1
1990,1
2004,1
2014,1
2043,1
2049,1
2056,1
2068,1
2075,2
2077,1
2096,1
2114,1
2127,1
2128,1
2134,1
2135,1
2136,1
2138,1
2139,1
2161,1
2165,1
2166,1
2169,1
2170,1
2176,1
2188,1
2194,1
2197,2
2204,1
2210,1
2211,1
2214,1
2236,1
2238,2
2243,1
2253,1
2258,1
2259,1
2268,1
2269,1
2272,1
2290,1
2291,2
2299,2
2308,1
2316,1
2331,1
2333,1
2338,1
2355,1
2364,1
2375,1
2392,1
2401,1
2405,1
2435,1
2445,1
2450,1
2454,1
2455,1
2466,1
2470,1
2473,1
2478,1
2481,1
2489,2
2493,1
2501,1
2502,1
2505,1
2508,1
2509,1
2513,1
2520,1
2522,1
2524,1
2531,1
2532,1
2533,1
2534,1
2540,1
2551,1
2552,1
2557,1
2558,1
2561,1
2568,1
2570,1
2575,1
2593,1
2595,1
2597,1
2606,1
2626,1
2672,1
2689,1
2702,2
2755,1
2757,1
2758,1
2784,1
2819,1
2831,1
2836,1
2873,1
2874,1
2929,1
2933,1
2974,1
2986,1
3009,2
3061,1
3082,1
3121,1
3125,1
3167,1
3174,1
3208,1
3218,1
3229,1
3248,1
3259,1
3283,1
3301,1
3310,1
3341,1
3352,1
3359,1
3364,1
3405,1
3424,1
3441,1
3444,1
3481,1
3493,1
3494,2
3500,1
3551,1
3554,1
3589,1
3605,1
3606,1
3622,1
3624,1
3627,1
3660,1
3723,1
3745,1
3756,1
3759,1
3768,1
3784,1
3786,1
3821,1
3825,1
3828,1
3836,1
3838,1
3855,1
3860,1
3869,1
3886,1
3889,1
3896,1
3915,1
3917,1
3923,1
3930,1
3932,1
3939,1
3944,1
3951,1
3953,1
3959,1
3961,2
3962,1
3985,1
3989,1
4001,1
4006,1
4022,1
4027,1
4046,1
4047,1
4048,1
4052,1
4054,2
4055,1
4058,1
4070,1
4080,1
4097,1
4099,1
4100,1
4131,1
4138,1
4140,1
4149,1
4150,1
4151,1
4152,1
4154,1
4166,1
4172,1
4174,1
4176,2
4179,1
4182,1
4184,1
4185,1
4186,1
4191,2
4192,1
4201,1
4202,1
4213,1
4223,1
4229,1
4243,1
4260,2
4262,1
4263,4
4266,1
4267,1
4292,1
4297,1
4298,1
4302,1
4305,1
4312,1
4316,1
4320,1
4324,1
4328,1
4335,1
