,0.001,0.01,0.05,0.25,0.5,0.75,0.95,0.99,0.999,min,max,mean,n
ret_eom,-0.3189695253745517,-0.10266847498552482,-0.03098573969482325,0.0,0.0,0.005245241740649621,0.05339133021898766,0.16315955832662607,0.4953589263175136,-0.9994979079497909,154.1496466867339,0.005548215863208604,3006661.0
yield,-1.0,-0.720099925367651,-0.223181002792946,0.0,0.011534253749500145,0.044570929207620846,0.07292906548046432,0.31243078636057625,4.883589926400801,-11.998480301035613,5.99260966195694e+166,1.9158910872075432e+160,3129374.0
t_spread,0.0,0.0,0.0,0.000977252945845653,0.002165811529179382,0.004173532909771549,0.010431972323386975,0.020698559313989957,0.05274839463474967,0.0,1.9219608615955026,0.003429598314560834,1452702.0
coupon,0.0,0.0,0.0,0.0,0.0,4.15,7.0,8.875,13.0,0.0,33.75,2.0579365785052275,3151529.0
duration,0.013938547861931607,0.19149089342715833,0.5638116156237303,1.6548271794988323,3.1869250515196033,5.342203327568074,14.039101373742128,17.38843898772786,86.76769577397178,4.6353390834247e-170,725579939965246.6,2663945037.472217,3119424.0
tmt,0.008333333333333333,0.1305555555555556,0.4638888888888889,1.5694444444444444,3.2083333333333335,5.836111111111111,24.372222222222224,30.058333333333334,81.03888888888889,0.0,102.13333333333334,5.804607816462996,3146163.0
amount_outstanding,0.0,100.0,350.0,1408.0,6236.0,393179.0,1250000.0,2500000.0,4492469.0,-7477500.0,11406510.0,262770.5865761445,3151375.0
price_eom,6.3855799031255,8.856669175762137,9.950251256281406,95.62749447391688,99.875,105.7632156862745,134.06,172.2,1293.6677841084859,1e-06,9989.50950950951,98.06224806325588,3153572.0
rating_num,1.0,2.0,4.0,6.0,7.0,9.0,13.0,16.0,20.0,1.0,22.0,7.692102061389787,1438350.0
