date,n_bond_obs,n_ret,n_bonds
2015-01,14177,13681.0,14177
2015-02,14305,13787.0,14305
2015-03,14497,13911.0,14497
2015-04,14542,14010.0,14542
2015-05,14635,14098.0,14635
2015-06,14769,14246.0,14769
2015-07,14902,14407.0,14902
2015-08,15046,14530.0,15046
2015-09,15227,14677.0,15227
2015-10,15279,14833.0,15279
2015-11,15472,14968.0,15472
2015-12,15611,15136.0,15611
2016-01,15635,15119.0,15635
2016-02,15724,15238.0,15724
2016-03,15899,15354.0,15899
2016-04,15922,15492.0,15922
2016-05,16107,15555.0,16107
2016-06,16224,15698.0,16224
2016-07,16255,15786.0,16255
2016-08,16325,15827.0,16325
2016-09,16462,15897.0,16462
2016-10,16487,15965.0,16487
2016-11,16505,16006.0,16505
2016-12,16607,16097.0,16607
2017-01,16738,16128.0,16738
2017-02,16863,16251.0,16863
2017-03,17073,16367.0,17073
2017-04,16999,16437.0,16999
2017-05,17299,16587.0,17299
2017-06,17441,16754.0,17441
2017-07,17491,16864.0,17491
2017-08,17718,17039.0,17718
2017-09,17807,17170.0,17807
2017-10,17958,17287.0,17958
2017-11,18172,17471.0,18172
2017-12,18283,17687.0,18283
2018-01,18516,17771.0,18516
2018-02,18798,17936.0,18798
2018-03,18954,18229.0,18954
2018-04,19128,18420.0,19128
2018-05,19338,18548.0,19338
2018-06,19539,18784.0,19539
2018-07,19610,18963.0,19610
2018-08,19868,19120.0,19868
2018-09,20075,19367.0,20075
2018-10,20371,19614.0,20371
2018-11,20636,19876.0,20636
2018-12,20798,20107.0,20798
2019-01,20953,20200.0,20953
2019-02,21129,20392.0,21129
2019-03,21308,20581.0,21308
2019-04,21374,20650.0,21374
2019-05,21694,20775.0,21694
2019-06,21864,21047.0,21864
2019-07,21977,21188.0,21977
2019-08,22219,21325.0,22219
2019-09,22436,21555.0,22436
2019-10,22546,21699.0,22546
2019-11,22785,21855.0,22785
2019-12,22939,22077.0,22939
2020-01,23169,22177.0,23169
2020-02,23435,22409.0,23435
2020-03,24054,22638.0,24054
2020-04,24035,22855.0,24035
2020-05,24284,23164.0,24284
2020-06,24572,23515.0,24572
2020-07,24571,23647.0,24571
2020-08,24767,23749.0,24767
2020-09,24893,23893.0,24893
2020-10,24797,23878.0,24797
2020-11,24739,23871.0,24739
2020-12,24863,23905.0,24863
2021-01,24706,23736.0,24706
2021-02,24854,23739.0,24854
2021-03,25071,23801.0,25071
2021-04,24850,23868.0,24850
2021-05,25007,23876.0,25007
2021-06,25129,24047.0,25129
2021-07,25030,24058.0,25030
2021-08,25280,24215.0,25280
2021-09,25621,24404.0,25621
2021-10,25687,24592.0,25687
2021-11,25959,24842.0,25959
2021-12,26179,25081.0,26179
2022-01,25956,25180.0,25956
2022-02,26367,25162.0,26367
2022-03,27099,25491.0,27099
2022-04,27248,25953.0,27248
2022-05,27870,26356.0,27870
2022-06,28146,26626.0,28146
2022-07,28292,26965.0,28292
2022-08,28804,27309.0,28804
2022-09,29419,27744.0,29419
2022-10,29836,28241.0,29836
2022-11,30060,28652.0,30060
2022-12,30338,29039.0,30338
2023-01,30383,29050.0,30383
2023-02,30909,29355.0,30909
2023-03,31456,29786.0,31456
2023-04,30920,29558.0,30920
2023-05,31321,29732.0,31321
2023-06,31419,29932.0,31419
2023-07,31508,30046.0,31508
2023-08,31980,30278.0,31980
2023-09,32135,30534.0,32135
2023-10,32328,30663.0,32328
2023-11,32498,30952.0,32498
2023-12,32484,31049.0,32484
2024-01,32682,30948.0,32682
2024-02,32740,30931.0,32740
2024-03,33084,31202.0,33084
2024-04,33318,31360.0,33318
2024-05,33491,31539.0,33491
2024-06,33519,31664.0,33519
2024-07,33556,31638.0,33556
2024-08,33746,31676.0,33746
2024-09,33582,31701.0,33582
2024-10,33790,31780.0,33790
2024-11,33417,31568.0,33417
2024-12,33324,31533.0,33324
2025-01,33573,31425.0,33573
2025-02,33588,31408.0,33588
2025-03,33804,31365.0,33804
2025-04,33880,31324.0,33880
2025-05,33068,30932.0,33068
2025-06,32810,30765.0,32810
2025-07,32504,30498.0,32504
2025-08,32132,29960.0,32132
2025-09,31495,29252.0,31495
2025-10,30922,28508.0,30922
2025-11,29908,27632.0,29908
