cell,d(eq_t),se,t,p,+1SD_bp,N,firms,months,retention_vs_base
ALL | fresh inf (baseline),0.0299,0.0105,2.85,0.0043,35.5,74978,1057,106,1.0
IG | fresh inf (baseline),0.0118,0.0039,3.01,0.0026,10.3,53932,711,106,1.0
HY | fresh inf (baseline),0.0354,0.0127,2.79,0.0053,62.1,21046,488,106,1.0
ALL | fresh <=5d,0.0292,0.0108,2.7,0.0069,34.6,73250,1054,106,0.977
IG | fresh <=5d,0.0105,0.0038,2.73,0.0063,9.1,52857,711,106,0.98
HY | fresh <=5d,0.0349,0.0129,2.71,0.0068,61.5,20393,485,106,0.969
ALL | fresh <=1d,0.0312,0.013,2.4,0.0166,37.4,59325,1050,89,0.791
IG | fresh <=1d,0.0099,0.0044,2.24,0.0252,8.8,43131,708,89,0.8
HY | fresh <=1d,0.0387,0.0158,2.45,0.0143,69.2,16194,489,89,0.769
