date,n_firms
2015-01-31,1102
2015-02-28,1101
2015-03-31,1106
2015-04-30,1103
2015-05-31,1105
2015-06-30,1111
2015-07-31,1106
2015-08-31,1100
2015-09-30,1101
2015-10-31,1094
2015-11-30,1093
2015-12-31,1088
2016-01-31,1073
2016-02-29,1063
2016-03-31,1062
2016-04-30,1054
2016-05-31,1048
2016-06-30,1047
2016-07-31,1038
2016-08-31,1035
2016-09-30,1006
2016-10-31,1005
2016-11-30,1002
2016-12-31,994
2017-01-31,989
2017-02-28,989
2017-03-31,996
2017-04-30,988
2017-05-31,987
2017-06-30,979
2017-07-31,974
2017-08-31,976
2017-09-30,973
2017-10-31,970
2017-11-30,969
2017-12-31,963
2018-01-31,963
2018-02-28,967
2018-03-31,965
2018-04-30,966
2018-05-31,961
2018-06-30,961
2018-07-31,954
2018-08-31,953
2018-09-30,950
2018-10-31,937
2018-11-30,927
2018-12-31,924
2019-01-31,914
2019-02-28,906
2019-03-31,899
2019-04-30,896
2019-05-31,893
2019-06-30,893
2019-07-31,890
2019-08-31,883
2019-09-30,882
2019-10-31,880
2019-11-30,874
2019-12-31,867
2020-01-31,860
2020-02-29,858
2020-03-31,856
2020-04-30,859
2020-05-31,854
2020-06-30,850
2020-07-31,840
2020-08-31,841
2020-09-30,838
2020-10-31,836
2020-11-30,832
2020-12-31,829
2021-01-31,827
2021-02-28,823
2021-03-31,823
2021-04-30,820
2021-05-31,821
2021-06-30,813
2021-07-31,813
2021-08-31,811
2021-09-30,812
2021-10-31,808
2021-11-30,806
2021-12-31,804
2022-01-31,799
2022-02-28,793
2022-03-31,793
2022-04-30,793
2022-05-31,793
2022-06-30,795
2022-07-31,791
2022-08-31,790
2022-09-30,788
2022-10-31,781
2022-11-30,778
2022-12-31,775
2023-01-31,774
2023-02-28,772
2023-03-31,773
2023-04-30,771
2023-05-31,767
2023-06-30,764
2023-07-31,763
2023-08-31,762
2023-09-30,759
2023-10-31,759
2023-11-30,761
2023-12-31,760
2024-01-31,758
2024-02-29,759
2024-03-31,757
2024-04-30,755
2024-05-31,753
2024-06-30,751
2024-07-31,751
2024-08-31,747
2024-09-30,746
2024-10-31,744
2024-11-30,742
2024-12-31,740
2025-01-31,738
2025-02-28,732
2025-03-31,731
2025-04-30,728
2025-05-31,729
2025-06-30,728
2025-07-31,724
2025-08-31,723
2025-09-30,722
2025-10-31,719
2025-11-30,717
