t,cs_corr
2015-01,0.43929953342492994
2015-02,0.43640180491528163
2015-03,0.28756879972694477
2015-04,0.37625313424544043
2015-05,0.2675805637437342
2015-06,0.5080386643495651
2015-07,0.6308588119998642
2015-08,0.21938982391575035
2015-09,0.4870969365150145
2015-10,0.35847771422376756
2015-11,0.4168599464714758
2015-12,0.5554303047635808
2016-01,0.45431739676478383
2016-02,0.4049811211092298
2016-03,0.5131201502729485
2016-04,0.6256646815008389
2016-05,0.26085497748126873
2016-06,0.412014426217325
2016-07,0.2739929205782955
2016-08,0.41893763499635983
2016-09,0.2928440763882296
2016-10,0.004080339884569826
2016-11,0.3873579852568618
2016-12,0.2946928652161143
2017-01,0.37198420706836116
2017-02,0.31051280976658735
2017-03,0.361646454952636
2017-04,0.28508239031360866
2017-05,0.34550108766845883
2017-06,0.23503492001385703
2017-07,0.2454608602937055
2017-08,0.24640959354132747
2017-09,0.517285937813787
2017-10,0.21375563955278762
2017-11,0.41376527218164144
2017-12,0.300600051225862
2018-01,0.1267173286800031
2018-02,0.3340210058035714
2018-03,0.13580945506735428
2018-04,0.28747842348519176
2018-05,0.2862304949060271
2018-06,0.1285714076679424
2018-07,0.04438735920544755
2018-08,0.3931056116233653
2018-09,0.2284812431477037
2018-10,0.22976496082228215
2018-11,0.49538879445064915
2018-12,0.5341704134005907
2019-01,0.3209377755811533
2019-02,0.41336671388794244
2019-03,0.3382869358657724
2019-04,0.017328602415459558
2019-05,0.5285048073866967
2019-06,0.30483427978274347
2019-07,0.33334987055437604
2019-08,0.44205759782825366
2019-09,0.13785499126331516
2019-10,0.3933085630496627
2019-11,0.36271877320348356
2019-12,0.5406754069409878
2020-01,0.48654157481892946
2020-02,0.47021387698253986
2020-03,0.6155979469392294
2020-04,0.4327306280527759
2020-05,-0.023786255578291917
2020-06,0.24196240099726413
2020-07,0.5048456818274585
2020-08,0.1601390889123036
2020-09,0.3205926889057644
2020-10,0.32131173800591095
2020-11,0.6213868065303345
2020-12,0.36919879617342855
2021-01,0.8914780544993463
2021-02,0.33764242796872096
2021-03,0.033818364749143834
2021-04,-0.02310661602072292
2021-05,0.2551424765805629
2021-06,0.27963853044836384
2021-07,0.35842588749107285
2021-08,0.16537908313306204
2021-09,0.2955392612603374
2021-10,0.16803195795682235
2021-11,0.300975096376574
2021-12,0.05355934670718341
2022-01,0.22745117845558513
2022-02,0.2387949790108734
2022-03,0.1655407488674683
2022-04,0.13899219018473907
2022-05,0.3757255909201935
2022-06,0.3387194787739229
2022-07,0.18355683592747007
2022-08,0.20235255610253913
2022-09,0.2958329857155056
2022-10,0.39105177351836723
2022-11,0.105031452179155
2022-12,0.09480726775232091
2023-01,0.20204456357135533
2023-02,-0.15269908186987935
2023-03,0.5571908567100011
2023-04,0.1267207675860165
2023-05,0.3404128641191337
2023-06,0.2571988491483328
2023-07,0.27396915676439226
2023-08,0.28245416487568864
2023-09,0.06463225056822047
2023-10,0.07839399163028309
2023-11,0.14120572735644896
2023-12,-0.15393029901001223
2024-01,0.19211209632539197
2024-02,0.19896908482986533
2024-03,0.14012002462716844
2024-04,0.03157876798612327
2024-05,0.07132099521178786
2024-06,0.09919326489110178
2024-07,0.13615445335341184
2024-08,0.23846550648013598
2024-09,0.291283384960672
2024-10,0.1720250201270839
2024-11,0.364306236269676
2024-12,0.11778079174793338
2025-01,0.17595271155378925
2025-02,0.38818031075449116
2025-03,0.2080312794579031
2025-04,0.3535029903582836
2025-05,0.2320242290051342
2025-06,0.04730553382097989
2025-07,0.18920214748374656
2025-08,0.3698414786943229
2025-09,0.22266101073231745
2025-10,0.1539511160306094
2025-11,0.379762891666437
