n_bonds,n_firm_months
1,20467
2,13398
3,9527
4,7342
5,5832
6,4369
7,4088
8,3638
9,3018
10,2621
11,2363
12,2037
13,1666
14,1353
15,1355
16,1049
17,1038
18,798
19,803
20,780
21,740
22,725
23,593
24,562
25,433
26,447
27,476
28,387
29,343
30,395
31,302
32,287
33,251
34,212
35,223
36,197
37,190
38,200
39,157
40,151
41,208
42,208
43,160
44,147
45,155
46,125
47,108
48,86
49,107
50,115
51,82
52,100
53,88
54,64
55,51
56,82
57,80
58,55
59,61
60,72
61,66
62,52
63,49
64,43
65,58
66,65
67,62
68,55
69,50
70,51
71,40
72,33
73,37
74,34
75,20
76,26
77,20
78,23
79,11
80,14
81,14
82,14
83,12
84,14
85,10
86,11
87,13
88,8
89,16
90,5
91,10
92,9
93,18
94,12
95,14
96,14
97,13
98,17
99,13
100,18
101,11
102,16
103,20
104,12
105,13
106,11
107,8
108,14
109,7
110,6
111,6
112,5
113,3
114,7
115,6
116,6
117,1
118,3
119,2
120,4
121,4
122,6
123,5
124,3
125,2
126,6
127,2
128,4
129,5
130,3
131,3
132,1
134,2
135,2
136,2
137,3
138,2
139,5
140,1
141,2
142,1
143,4
144,5
145,1
146,2
147,5
149,1
150,1
153,2
154,1
155,2
157,3
158,1
159,1
162,1
163,2
168,3
169,1
170,1
172,1
173,2
176,1
178,1
179,2
182,1
188,2
189,1
190,3
191,2
192,1
193,1
194,1
196,1
197,1
199,2
200,2
201,1
203,1
206,1
208,2
209,2
211,2
214,2
216,1
217,4
220,1
221,1
223,2
224,1
226,1
228,1
232,1
233,1
234,2
235,2
239,2
240,1
242,1
246,2
248,1
250,1
251,1
252,1
259,1
261,1
263,1
264,1
265,1
282,1
289,1
317,1
324,1
332,1
340,1
362,1
364,1
370,1
373,1
375,1
