ym,n_firms
2015-01,941
2015-02,935
2015-03,943
2015-04,941
2015-05,937
2015-06,943
2015-07,940
2015-08,934
2015-09,932
2015-10,929
2015-11,929
2015-12,920
2016-01,916
2016-02,904
2016-03,906
2016-04,900
2016-05,897
2016-06,886
2016-07,882
2016-08,882
2016-09,848
2016-10,853
2016-11,852
2016-12,848
2017-01,848
2017-02,842
2017-03,855
2017-04,853
2017-05,851
2017-06,845
2017-07,838
2017-08,841
2017-09,831
2017-10,840
2017-11,831
2017-12,825
2018-01,819
2018-02,824
2018-03,818
2018-04,823
2018-05,824
2018-06,818
2018-07,813
2018-08,812
2018-09,810
2018-10,800
2018-11,792
2018-12,786
2019-01,788
2019-02,784
2019-03,786
2019-04,773
2019-05,773
2019-06,775
2019-07,773
2019-08,762
2019-09,764
2019-10,768
2019-11,760
2019-12,761
2020-01,754
2020-02,751
2020-03,742
2020-04,744
2020-05,735
2020-06,733
2020-07,728
2020-08,719
2020-09,719
2020-10,716
2020-11,706
2020-12,708
2021-01,700
2021-02,699
2021-03,695
2021-04,690
2021-05,690
2021-06,688
2021-07,687
2021-08,689
2021-09,690
2021-10,686
2021-11,683
2021-12,679
2022-01,675
2022-02,673
2022-03,672
2022-04,667
2022-05,673
2022-06,671
2022-07,674
2022-08,677
2022-09,675
2022-10,669
2022-11,660
2022-12,660
2023-01,657
2023-02,655
2023-03,656
2023-04,653
2023-05,650
2023-06,649
2023-07,646
2023-08,647
2023-09,649
2023-10,648
2023-11,648
2023-12,651
2024-01,647
2024-02,646
2024-03,642
2024-04,648
2024-05,644
2024-06,640
2024-07,642
2024-08,640
2024-09,640
2024-10,637
2024-11,636
2024-12,635
2025-01,633
2025-02,632
2025-03,628
2025-04,631
2025-05,628
2025-06,626
2025-07,624
2025-08,619
2025-09,623
2025-10,623
2025-11,619
